ID,Nombre,Apellido
1601,IGNAZIO,TAFFE
1801,KAINE,JONKE
101,ADRIEN,TIPLING
201,HERCULIE,OCKLIN
301,GINGER,HUTCHIN
302,LIONEL,PITWAY
304,DERWIN,RAECROFT
305,ALAIN,DONKE
306,VAN,MCREIDY
307,MAJOR,GOODBOURN
401,CLEAVLAND,KENSET
501,BARTHEL,HILDRED
601,HOWARD,FRANCESCHI
603,WADSWORTH,KIVITS
604,GLENDON,FAIRNINGTON
605,BALE,ELBOURNE
606,NICOLAS,KLAISER
608,ALEXANDRO,WOLFORD
612,RODOLFO,WHIPPLE
614,GENE,FULGER
702,GIACOMO,MARSHMAN
703,CHAUNCEY,DI MARIA
704,DURWARD,ANTOSIK
705,RUTHERFORD,BRABBEN
1602,DIETRICH,MCGOURTY
801,JARRET,RASHER
802,MORDY,ZUANAZZI
803,GAELAN,BAILLIE
1701,ARVIN,BRAMBELL
303,JARRETT,MEAGHER
804,GIORGI,DILLISTON
308,BERTRAM,MARTENSEN
806,URBANO,BARNSLEY
807,HEINRIK,ROMAINES
808,ED,MCMEYLER
809,DAREN,REYNOLDSON
810,OBADIAS,SHAPCOTT
811,ARTEMIS,HAMLYN
812,ANDRIS,GULLAND
813,GRIZ,LAHIVE
814,LOCKE,LAWFORD
815,GRAN,GLAVE
816,DORY,TUTE
817,SKYE,RUGGE
818,LESLIE,FROSTDYKE
819,DAMIAN,WAINMAN
820,CLERKCLAUDE,KUHLEN
821,ODIE,LIMB
901,JEAN,MULDERRIG
902,GARY,CALDERON
903,READ,NICHOLSON
904,ISADOR,KUNC
905,EMLYN,PAPES
1001,GIL,SHAPERO
1002,ALEXANDRE,MARTILL
1003,BROD,FEARNEY
1004,DANIEL,TREMELLAN
1005,JUDAS,MC HARG
1006,ALEXANDRO,KEILTY
1007,CLEMENTIUS,WENSLEY
1008,BEN,HEBBARD
1009,ENGLEBERT,DYKES
1010,CREIGH,DROVER
1011,WINDHAM,GARRY
1012,ALEKSANDR,TRUSTIE
1013,ESTEVAN,SHAPERO
1014,ADAN,GRIGOIRE
1015,MOSHE,BILLINGS
1016,GARVEY,LEATHARD
1018,PATEN,BLAKELEY
1019,EMMANUEL,DISMAN
1020,OLENOLIN,MOWSON
1021,BERNARDO,YOUNG
1022,NICKOLAUS,CROOKS
1023,HAYES,MEYS
1024,TULLEY,RODGE
1025,OBED,BEADEL
1026,LARS,LYOKHIN
1027,CARLING,WORVIELL
1028,WHIT,MCMEEKING
1029,MORLEY,EMMATT
1030,AGUISTIN,TANTE
1031,RUSTIN,AUCOCK
1032,BRIT,JOST
1033,SILVAIN,WEATHERUP
1034,SCOTTIE,CHASTAGNIER
1035,AXE,LADE
1036,UDALE,HANKARD
1037,WARDEN,DUNNAWAY
1038,WYNN,CURADO
1039,SINCLARE,HEATLY
1040,ROCHESTER,KEELER
1041,YVES,MASUREL
1042,WYNN,SCARBARROW
1043,HERVE,GEHRINGER
1044,SHERM,CAIGER
1045,HAILY,SMALEMAN
1046,THURSTAN,RIZZOLO
1047,FIN,CICCOTTO
1101,GERIK,PAY
1102,ISADOR,JUMP
1103,UDALL,PHILLP
1104,ALLIE,FILIPCZAK
1105,BORD,LEAKE
1106,TADES,LEMMEN
1107,GERICK,JEWAR
1108,BARTHOLOMEW,GUTRIDGE
1109,MARVE,VAN CASSEL
1110,JOAQUIN,BRIGHTY
1111,PEPILLO,HALIBURN
1112,RUDDY,CURTON
1113,HENRY,DRISSELL
1114,SHURWOOD,HANSON
1115,GALE,KYNVIN
1116,DAR,YALLOP
1117,GERARDO,FONTELLES
1118,SIM,BROSE
1119,LAURENT,DUFFIE
1120,BRADNEY,PAPWORTH
1121,REAMONN,DEMKE
1122,HILLARY,DE NISCO
1123,BEVAN,NUTTING
1124,EARLY,ELCOME
1125,ERRICK,TOCQUEVILLE
1126,CLEVE,TENBRUG
1127,MILES,FILLERY
1128,ALDOUS,KILLGUS
1129,CULVER,STURMAN
1130,JERMAINE,PALLUSCHEK
1131,SIBYL,BURNSYDE
1132,GIUSTINO,SPELLSWORTH
1133,MILLARD,EVERLEIGH
1134,SHEFFY,CONNEALY
1135,BENNY,ANSLOW
1136,PIP,DERGES
1137,NIALL,NUTTING
1138,ALVIN,NEWBATT
1139,JOSHIA,DRAN
1140,PATIN,PIDDINGTON
1141,FIN,MOSEDALE
1142,WORTHINGTON,WOODNUTT
1143,CONROY,MCILVENNA
1144,TAILOR,HALBERT
1145,WALDEN,BLASZCZAK
1146,CYRILL,O'DEEGAN
1147,ASHLEY,MENCI
1148,SHAW,LOCKYEAR
1149,ERICH,CONRAD
1150,TRUEMAN,SEY
1151,IAGO,DALLIGAN
1152,ROGERIO,HADDLETON
1153,RUBIN,CHURCHMAN
1154,EDGAR,SCARRISBRICK
1155,LOCKWOOD,GOODIE
1156,CREIGHTON,RODRIGO
1157,RYON,FELDHEIM
1158,ALFONS,LARDGE
1201,ALDO,DOWNIE
1301,DRAKE,PIETZNER
1401,FRANZEN,FLIPS
1402,BRYANTY,BENIAN
1403,BRADY,SHARPIN
1404,IVAR,SEADON
1501,KARLENS,COPP
617,GARRICK,CROOM
1159,NATTY,AYLEN
822,OLIVERO,BALDERSTON
823,REX,SPAT
825,CASEY,O'CROWLEY
1048,MAXIMO,SAVELL
1049,DONOVAN,WALSH
1050,FOSS,WINFINDINE
1051,MUNROE,NIMMO
1052,ONFROI,BRAILSFORD
1053,SHEFFIELD,MAUDLEN
1054,IGNACIO,PUDSALL
1055,RICKARD,SIZELAND
1056,HILARY,KOHRT
1057,LOVELL,PROVOST
1058,JOSH,ZAMBONIARI
1059,RADCLIFFE,LINGNER
1060,ALEXIO,OLLEY
1061,ALASTER,BLACKADER
1062,KIP,MACELROY
1063,ALEC,KOSCHEK
1160,BARRET,GRANGER
1161,YORGO,PARSONS
1162,JERROME,OLVER
1163,ITCH,SMALES
1164,ALLISTIR,GRAY
1405,PRINCE,LE NOIRE
309,WAITE,HEINSEN
1165,,1165
1169,,1169
1168,,1168
1166,,1166
1167,,1167
1064,,1064
1065,,1065
1066,,1066
1067,,1067
1068,,1068
1069,,1069
1070,,1070
1603,test,test
826,,826
827,,827
1071,,1071
1072,,1072
1073,,1073
1170,,1170
1171,,1171
618,LOCK,SHAPERO
310,BEV,GRIGOIRE
502,GABRIEL,BILLINGS
1202,BERTON,LEATHARD
619,MAHMOUD,BLAKELEY
620,JULIE,DISMAN
621,CURCIO,MOWSON
622,PADDY,YOUNG
623,ISACCO,CROOKS
624,HARDY,MEYS
625,CONSTANTINE,RODGE
706,TERRENCE,BEADEL
707,GUALTERIO,LYOKHIN
708,BENJAMIN,WORVIELL
709,ALGERNON,MCMEEKING
1702,DEWEY,EMMATT
1703,CHRISTOPHE,TANTE
626,DOUG,AUCOCK
627,JERMAYNE,JOST
628,CHRISTIE,WEATHERUP
629,COLET,CHASTAGNIER
711,BALDWIN,LADE
633,DONNY,HANKARD
1,FREDDIE,DUNNAWAY
634,DRAKE,CURADO
635,XYMENES,HEATLY
636,DOMINGO,KEELER
313,BERNARDO,MASUREL
637,COLE,SCARBARROW
638,KENNIE,GEHRINGER
639,MUNMRO,CAIGER
640,STANLEY,SMALEMAN
641,FULTON,RIZZOLO
642,SAUNCHO,CICCOTTO
643,JAIMIE,PAY
644,HUBERTO,JUMP
645,MAYNARD,PHILLP
646,WILMER,FILIPCZAK
647,CULLIN,LEAKE
710,JED,LEMMEN
712,NICKOLAI,JEWAR
713,BORG,GUTRIDGE
714,DURANTE,VAN CASSEL
630,RENATO,BRIGHTY
648,JOHN,HALIBURN
649,JO,CURTON
650,EDSEL,DRISSELL
651,BENJY,HANSON
652,RUTLEDGE,KYNVIN
653,PRENT,YALLOP
2,test2,test2
654,ALEJANDRO,GONZALEZ SEVIL
655,PEDRO,GUILLERMO LIZAOLA
656,PEDRO,GUILLERMO LIZAOLA
657,JUAN,RAMON ROSAS RAMOS
